SET IDENTITY_INSERT FACULTATE OFF
INSERT INTO FACULTATE(FACULTATE_ID,NUME,ABREVIERE)
	VALUES(100,'FACULTATE CALCULATOARE','FC'),
	(200,'FACULTATE INGINERIE ELECTRICA','FIE'),
	(300,'FACULTATE TELECOMUNICATII','FT')

INSERT INTO SPECIALITATE(SPECIALITATE_ID,NUME,ABREVIERE,FACULTATE_ID)
	VALUES(50,'TEHNOLOGII INFORMATIONALE',NULL,100),
	(60,'CALCULATOARE SI RETELE',NULL,100),
	(70,'TERMOENERGETICA',NULL,200),
	(80,'ENERGETICA',NULL,200),
	(90,'ELECTRONICA',NULL,300)

INSERT INTO GRUPA(GRUPA_ID,SPECIALITATE_ID,NUME,AN_FORMARE,LIMBA)
	VALUES(1,50,'TI-1',2020,'RO'),
	(2,50,'TI-2',2021,'RU'),
	(3,60,'CR-1',2020,'RO'),
	(4,60,'CR-2',2020,'RU'),
	(5,70,'T-11',2021,'RO'),
	(6,70,'T-12',2021,'RU'),
	(7,80,'E-1',2020,'RO'),
	(8,80,'E-2',2020,'RO'),
	(9,90,'EE-2',2021,'RO'),
	(10,90,'EE-33',2021,'RU')

INSERT INTO STUDENT(STUDENT_ID,GRUPA_ID,NUME,PRENUME,DATA_NASTERII,IDNP,GEN)
	VALUES--(65,1,'POPOV','ALEXANDRU','2000-03-12',1232548252323,1),
	(66,1,'MARDARI','IONELA','2002-08-13',1232548852444,0),
	(67,2,'MITROFAN','ELEONORA','2000-02-14',1232548852554,0),
	(68,3,'TCACIUC','PAVEL','2001-05-15',1232543852125,1),
	(69,3,'FONARI','VIOLINA','2000-06-16',1232548752176,0),
	(70,4,'TURCHIN','ION','2001-07-18',1232548852121,1),
	(71,4,'CARA','SIMION','2001-09-18',1232588858128,1),
	(72,7,'BARANOVA','PAULA','2000-03-19',1292548952199,0),
	(73,7,'JANDIC','LUMINITA','2000-01-20',1202508852020,0),
	(74,10,'COSTOVAN','GHEORGHE','2001-02-21',1232541852111,1)

INSERT INTO LECTOR(LECTOR_ID,NUME,PRENUME)
	VALUES(8,'MOASNEAGA','VIOLETA'),
	(9,'CALDARE','IGOR'),
	(10,'CIUBOTA','VLADEN'),
	(11,'MINA SCURTA','PAULA'),
	(12,'NEGRU','ALBINA')

INSERT INTO DISCIPLINA(DISCIPLINA_ID,NUME)
	VALUES(1,'MATEMATICA'),
	(2,'C++'),
	(3,'BAZE DE DATE'),
	(4,'FILOSOFIE'),
	(5,'RETELE'),
	(6,'INFORMATICA')

INSERT INTO EXAMINARE(EXAMINARE_ID,LECTOR_ID,DISCIPLINA_ID,DATA_EXAMINARII)
	VALUES(22,8,1,'2021-02-12'),
	(23,9,2,'2021-03-12'),
	(24,10,3,'2021-01-12'),
	(25,11,4,'2020-11-12'),
	(26,12,5,'2020-12-12'),
	(27,10,6,'2020-10-12')

INSERT INTO NOTA(NOTA_ID,EXAMINARE_ID,STUDENT_ID,NOTA)
	VALUES(98,22,65,10),
	(99,23,66,8),
	(100,24,67,9),
	(102,25,68,7),
	(103,26,69,10),
	(104,27,70,6),
	(105,22,71,4),
	(106,23,72,9),
	(107,24,73,6),
	(108,25,74,8),
	(109,26,65,9),
	(110,27,66,9),
	(111,22,67,10),
	(112,23,68,4),
	(113,24,69,4),
	(114,25,70,7),
	(115,26,71,9),
	(116,27,72,10)

--1. Să se scrie o interogare ce va intersecta toate tabelele bazei de date.
SELECT S.NUME+' '+S.PRENUME AS STUD,DATA_NASTERII,IDNP,GEN,AN_FORMARE,LIMBA,L.NUME+' '+L.PRENUME AS LECT,G.NUME AS GROP,SS.NUME AS SPECIAL,F.NUME AS FACUL
	FROM LECTOR L INNER JOIN EXAMINARE E ON L.LECTOR_ID=E.LECTOR_ID
	INNER JOIN DISCIPLINA D ON D.DISCIPLINA_ID=E.DISCIPLINA_ID
	INNER JOIN NOTA N ON N.EXAMINARE_ID=E.EXAMINARE_ID
	INNER JOIN STUDENT S ON S.STUDENT_ID=N.STUDENT_ID
	INNER JOIN GRUPA G ON G.GRUPA_ID=S.GRUPA_ID
	INNER JOIN SPECIALITATE SS ON SS.SPECIALITATE_ID=G.SPECIALITATE_ID
	INNER JOIN FACULTATE F ON F.FACULTATE_ID=SS.FACULTATE_ID

--2. Să se determine numărul de studenți pentru fiecare grupă. Formați interogarea prin două metode(simplu și select în cadrul altui select).
SELECT G.NUME,COUNT(*) AS STUDENTI
	FROM STUDENT S INNER JOIN GRUPA G ON S.GRUPA_ID=G.GRUPA_ID
	GROUP BY G.NUME


--3. Să se determine studentul ce are ce-a mai mare medie. Să se afișeze facultatea, specialitatea, grupa, nume student și nota medie.

SELECT *,
	(
		SELECT SS.NUME,AVG(NOTA)
			FROM STUDENT SS INNER JOIN NOTA N ON SS.STUDENT_ID=N.NOTA_ID
			WHERE S.STUDENT_ID=SS.STUDENT_ID
			GROUP BY SS.NUME
	)
	FROM STUDENT S

--4. Să se determine pentru fiecare facultate: numărul total de studenți, numărul de băieți, numărul de fete, media notelor pentru fete, nota medie pentru băieți.
ALTER FUNCTION X(@D_ID INT,@GEN INT,@TIP INT)
	RETURNS INT
	BEGIN
		DECLARE @S INT;
		IF @TIP=1
		SET @S=
		(
			SELECT COUNT(DISTINCT(A.ANGAJAT_ID)) 
				FROM ANGAJAT A INNER JOIN ANGAJARE AA ON AA.ANGAJAT_ID=A.ANGAJAT_ID
				WHERE AA.DEPARTAMENT_ID=@D_ID AND GEN=@GEN
		);
		ELSE IF @TIP=2
		SET @S=
		(
			SELECT IIF(SUM(SALARIU) IS NULL,0,SUM(SALARIU))
				FROM ANGAJARE AA INNER JOIN ANGAJAT A ON A.ANGAJAT_ID=AA.ANGAJAT_ID
				WHERE DEPARTAMENT_ID=@D_ID AND GEN=@GEN

		);
		RETURN @S;
	END;

CREATE FUNCTION X(@FACUL INT,@GEN INT,@TIP INT)
	RETURNS INT
	BEGIN
	DECLARE @S INT;
	IF @TIP=1
	SET @S=
	(
		SELECT COUNT(DISTINCT(S.STUDENT_ID))
			FROM STUDENT S INNER JOIN NOTA N ON N.STUDENT_ID=S.STUDENT_ID
						   INNER JOIN GRUPA G ON G.GRUPA_ID=S.GRUPA_ID
			               INNER JOIN SPECIALITATE SS ON SS.SPECIALITATE_ID=G.SPECIALITATE_ID
			               --INNER JOIN FACULTATE F ON F.FACULTATE_ID=SS.FACULTATE_ID
			               WHERE FACULTATE_ID=@FACUL AND GEN=@GEN
	);
	ELSE IF @TIP=2
	SET @S=
	(
		SELECT IIF(AVG(NOTA) IS NULL,0,AVG(NOTA))
			FROM NOTA N INNER JOIN STUDENT S ON S.STUDENT_ID=N.STUDENT_ID
			            INNER JOIN GRUPA G ON G.GRUPA_ID=S.GRUPA_ID
			            INNER JOIN SPECIALITATE SS ON SS.SPECIALITATE_ID=G.SPECIALITATE_ID
			           -- INNER JOIN FACULTATE F ON F.FACULTATE_ID=SS.FACULTATE_ID
						WHERE FACULTATE_ID=@FACUL AND GEN=@GEN
	);
	RETURN @S;
	END;

SELECT FACULTATE.NUME,DBO.X(FACULTATE_ID,1,1) AS NR_BAIETI,
	DBO.X(FACULTATE_ID,1,2) AS MEDIE_BAIETI,
	DBO.X(FACULTATE_ID,0,1) AS NR_FETE,
	DBO.X(FACULTATE_ID,0,2) AS MEDIE_FETE
	FROM FACULTATE

--5. Să se determine profesorii ce nu au nici-o disciplină.
SELECT *,
	(
		SELECT LL.NUME+' '+LL.PRENUME
			FROM LECTOR LL INNER JOIN EXAMINARE E ON L.LECTOR_ID=E.LECTOR_ID
			INNER JOIN DISCIPLINA D ON D.DISCIPLINA_ID=E.DISCIPLINA_ID
			WHERE LL.LECTOR_ID=L.LECTOR_ID
	)
	FROM LECTOR L