SET IDENTITY_INSERT PRODUSE OFF
INSERT INTO PRODUSE(MODEL_ID,PRODUCATOR,TIP)
	VALUES(1121,'B','PC'),
	(1232,'A','PC'),
	(1233,'A','PC'),
	(1260,'E','PC'),
	(1276,'A','IMPRIMANTE'),
	(1288,'D','IMPRIMANTE'),
	(1298,'A','LAPTOP'),
	(1321,'C','LAPTOP'),
	(1401,'A','IMPRIMANTE'),
	(1408,'A','IMPRIMANTE'),
	(1433,'D','IMPRIMANTE'),
	(1434,'E','IMPRIMANTE'),
	(1750,'B','LAPTOP'),
	(1752,'A','LAPTOP'),
	(2111,'E','PC'),
	(2112,'E','PC')

INSERT INTO PC(MODEL_ID,VITEZA,RAM,HDD,CD,PRET)
	VALUES(1232,3000,2000,250,'',6000),
	(1121,2500,4000,1000,'52X',8500),
	(1233,2800,2000,250,'40X',6000),
	(1121,1800,4000,1000,'40X',6000),
	(1121,2200,4000,320,'',8500),
	(1233,3100,4000,1500,'',8500),
	(1232,3100,1000,500,'12X',9500),
	(1232,1800,2000,320,'24X',4000),
	(1232,2500,1000,500,'',3500),
	(1260,1000,1000,500,'',3500),
	(1233,4000,4000,2000,'40X',9800),
	(1232,5000,4000,2000,'',9000),
	(1121,4000,4000,2000,'40X',9800)

INSERT INTO LAPTOPURI(MODEL_ID,VITEZA,RAM,HDD,ECRAN,PRET)
	VALUES(1298,3000,3000,250,11,6600),
	(1321,2500,4000,1000,12,8500),
	(1750,1800,3000,250,14,6050),
	(1298,1800,4000,1000,15,8520),
	(1752,2200,4000,320,14,8200),
	(1298,3100,2000,1500,12,7800),
	(1298,3100,2000,1500,12,7800),
	(1298,3100,2000,1500,12,7800)

ALTER TABLE LAPTOPURI ALTER COLUMN VITEZA DECIMAL(5,0)--MODIFICARE VITEZA
ALTER TABLE LAPTOPURI ADD RAM DECIMAL(4,0)--ADAUGARE RAM

ALTER TABLE LAPTOPURI ALTER COLUMN HDD DECIMAL(5,0)--MODIFICARE HDD
--ALTER TABLE LAPTOPURI DROP COLUMN RAM --STERGERE RAM

INSERT INTO IMPRIMANTE(MODEL_ID,COLOR,TIP,PRET)
	VALUES(1276,'NU','LASER',1600),
	(1433,'DA','JET',500),
	(1434,'DA','JET',1150),
	(1401,'NU','MATRIX',900),
	(1408,'NU','MATRIX',470),
	(1288,'NU','LASER',1800)

UPDATE LAPTOPURI SET ECRAN=12
WHERE LAPTOP_ID=9